{
  "version": 2,
  "saved": "2026-03-11T20:07:27.992Z",
  "overlays": {
    "planta": {
      "offset_ns": 0,
      "offset_ew": 0,
      "scale": 100
    },
    "satellite_overlay": {
      "offset_ns": 0,
      "offset_ew": 0,
      "scale": 100
    }
  },
  "zones": [
    {
      "type": "custom",
      "label": "Café aux laits",
      "isPolygon": true,
      "latlngs": [
        [
          -22.485176888144487,
          -42.76214987039566
        ],
        [
          -22.485060407831952,
          -42.762361764907844
        ],
        [
          -22.484720879553162,
          -42.76212304830551
        ],
        [
          -22.484852230007945,
          -42.76193529367447
        ]
      ]
    }
  ],
  "mapState": {
    "center": [
      -22.485531285088395,
      -42.76363044977189
    ],
    "zoom": 18
  }
}